{
  "baseline": {
    "final_train_loss": 2.4813094788450534,
    "final_val_loss": 2.477283298969269,
    "train_losses": [
      2.948748176659995,
      2.537150439208116,
      2.499103313539086,
      2.485251179555567,
      2.4813094788450534
    ],
    "val_losses": [
      2.5654421193259105,
      2.4979460069111417,
      2.4855060832841054,
      2.479536099093301,
      2.477283298969269
    ]
  },
  "2_heads": {
    "final_train_loss": 2.4817012092931483,
    "final_val_loss": 2.477094445909773,
    "train_losses": [
      2.954939603805542,
      2.538318202747562,
      2.4996753494913984,
      2.4857755337304215,
      2.4817012092931483
    ],
    "val_losses": [
      2.56012556382588,
      2.4994116936411177,
      2.481071514742715,
      2.479053267410823,
      2.477094445909773
    ]
  },
  "8_heads": {
    "final_train_loss": 2.4719916727484725,
    "final_val_loss": 2.4682097349848067,
    "train_losses": [
      2.962186036071157,
      2.5334326697558893,
      2.4939664534436976,
      2.478004877160235,
      2.4719916727484725
    ],
    "val_losses": [
      2.5623709729739597,
      2.49379049880164,
      2.4776798401560103,
      2.4714211651257108,
      2.4682097349848067
    ]
  },
  "small_model": {
    "final_train_loss": 2.5342170726962205,
    "final_val_loss": 2.5042189615113393,
    "train_losses": [
      3.2345692781898063,
      2.654695031119556,
      2.570490973751719,
      2.542142168293154,
      2.5342170726962205
    ],
    "val_losses": [
      2.726360593523298,
      2.5569585732051303,
      2.522019795009068,
      2.509683574948992,
      2.5042189615113393
    ]
  },
  "single_layer": {
    "final_train_loss": 2.495756988602925,
    "final_val_loss": 2.483675854546683,
    "train_losses": [
      3.0189104148042882,
      2.5573295025321525,
      2.5155810311557802,
      2.501563926053241,
      2.495756988602925
    ],
    "val_losses": [
      2.591152940477644,
      2.5124236600739613,
      2.4931110995156422,
      2.486269610268729,
      2.483675854546683
    ]
  }
}